test,01b07
testuser,39965458457334942386325680833379657416
testuser2,121552502127116978578419653340904548746
testuser3,43160627548631363037058600289456364649
ente,270424715846629345856762053292564525675
ente2,309687039952169799674630822373049565683,'{"plzHome": "00000", "age": "0", "gender": "D"}'
ente3,268974777124681502062644683604361547157,'{"plzHome": "00000", "age": "0", "gender": "M"}'
ente4,97617965110739271985052084087022713816,'{"plzHome": "11111", "age": "1", "gender": "D"}'
ente5,73301730145078326861006234915244712422,{}
test5,53735775045523844509236085242545359569,{}
ente6,73943084112261777902375777942432082169,{}
